<?xml version="1.0" encoding="UTF-8"?>
<!DOCTYPE hibernate-mapping PUBLIC
"-//Hibernate/Hibernate Mapping DTD 3.0//EN"
"http://www.hibernate.org/dtd/hibernate-mapping-3.0.dtd">
<hibernate-mapping>
<class name="com.ecommerce.EProduct" table="eproduct">
<id name="ID" column="ID" type="long">
<generator class="increment"/>
</id>
<property name="name" type="string" column="name"/>
<property name="price" type="big_decimal" column="price"/>
<property name="dateAdded" type="timestamp" column="date_added"/>
</class>
</hibernate-mapping>
